question,tweet_id
Will Memphis Depay complete his Corinthians free transfer?,1832563499995725843
What formal steps is Memphis Depay ahead of?,1832563499995725843
Is Memphis Depay currently in attendance for a Dutch national team game?,1832563499995725843
Is Julian Nagelsmann saying Musiala and Wirtz will win Ballon d'Or?,1832553657738358953
Can both Musiala and Wirtz potentially win Ballon d'Or?,1832553657738358953
Will Florian Wirtz potentially win the Ballon d'Or?,1832553657738358953
Who gave three assists and one goal tonight?,1832537271574098426
What was Jamal Musiala's performance like today?,1832537271574098426
"According to Kimmich, what should be included on the Ballon d'Or list?",1832537271574098426
Is Dani Olmo expected to be ready for the next games?,1832524667846099038
Was further testing conducted today on Dani Olmo?,1832524667846099038
Did @martinezferran report that Dani Olmo will be ready for the next games?,1832524667846099038
Netherlands gets first start,1832496480805859636
Joshua Zirkzee makes his goals,1832496480805859636
Zirkzee scores two goals this season,1832496480805859636
Luis de la Fuente believe playing too many games is lucky?,1832474183751573642
Lamine Yamal play 180 mins in September?,1832474183751573642
National team play to win?,1832474183751573642
Does De La Fuente say Dani Olmo suffered a strong blow against Serbia?,1832470737380078019
Is it certain that Dani Olmo won't train with his team today?,1832470737380078019
How does De La Fuente's statement affect Dani Olmo's availability for training?,1832470737380078019
André Cury said what about Estevão's ability to adapt?,1832405052008624564
What type of play does Chelsea see Estevão playing as?,1832405052008624564
Can Estevão develop more by playing in the middle?,1832405052008624564
Does Adrien Rabiot have plans to accept proposals from Turkey?,1832379053312995550
What is Adrien Rabiot's position on accepting proposals from Turkey?,1832379053312995550
Are there any current proposals from Turkey that Adrien Rabiot has considered?,1832379053312995550
Tottenham had Patrick Dorgu on their shortlist this summer?,1832363448274968913
Chelsea considered signing a left back via Strasbourg in July?,1832363448274968913
Lecce wanted how much money for Dorgu?,1832363448274968913
What was Vitor Roque's experience like at Barça?,1832329206019322054
How did Vitor Roque find his opportunities at Barça when he arrived?,1832329206019322054
What is Vitor Roque focusing on now with Betis?,1832329206019322054
Who is joining Chelsea in summer 2025?,1832325993853223139
What are Kendry Páez and Willian Estevão's plans for the future?,1832325993853223139
Are Kendry Páez and Willian Estevão currently playing?,1832325993853223139
What did De Bruyne say about the PFA and other player associations?,1832321152599126453
What are the reasons UEFA and FIFA keep adding extra matches?,1832321152599126453
Does money play a louder role in football decisions?,1832321152599126453
Does Kevin De Bruyne think the real problem will emerge after the Club World Cup?,1832312849827557516
How many weeks will there be between the Club World Cup final and the first Premier League match?,1832312849827557516
Will the team have 80 matches to prepare for after a three-week rest?,1832312849827557516
Will Jonathan Tah sign a new deal at Bayer Leverkusen?,1832305298440102239
Why is Jonathan Tah's decision to leave Bayer Leverkusen made?,1832305298440102239
What experience is Jonathan Tah looking for in his future club?,1832305298440102239
Who is Memphis Depay?,1832297749431124383
What is the duration of his move to Corinthians?,1832297749431124383
What is the valid date range for his agreement?,1832297749431124383
Is Manuel Ugarte starting for Uruguay tonight?,1832181785855205702
Will Manuel Ugarte build his fitness within weeks or months?,1832181785855205702
What was Erik ten Hag's concern about Manuel Ugarte's performance last week?,1832181785855205702
Iker Muniain signed with San Lorenzo for free,1832171498829750612
What transfer fee did Athletic Club receive from San Lorenzo?,1832171498829750612
Will Iker Muniain play as a starter for San Lorenzo?,1832171498829750612
What is the nature of Riccardo Calafiori's injury?,1832169279665422459
Is Spalletti confident that Calafiori will be back for the next game?,1832169279665422459
Does Italy medical staff believe Calafiori will return with them?,1832169279665422459
Luciano Spalletti is saying what about Sandro Tonali?,1832160169725145599
What did Luciano Spalletti have no doubts about?,1832160169725145599
Is Sandro Tonali's assist tonight a result of his being back from injury?,1832160169725145599
Musiala's contract expiring in June 2026 will lead to a new deal with FC Bayern right?,1832156181239906517
Will Bellingham's decision to play abroad impact Musiala's future plans?,1832156181239906517
What changes can Musiala expect in the world of football by June 2026?,1832156181239906517
Who has scored 5 goals in 4 games for club and country this season?,1832129154277339546
What teams has Bradley Barcola scored against so far?,1832129154277339546
How many goals did Bradley Barcola score after opening the score vs Italy?,1832129154277339546
Is Flamengo involved in talks with Martial?,1832123375461748974
Are talks between Flamengo and Martial ongoing?,1832123375461748974
Did a revelation about Flamengo and Martial's talks happen yesterday?,1832123375461748974
André Gomes returns to Lille on free transfer as former #EFC midfielder signs until June 2026.,1832122087814668726
Who will André Gomes join at Lille?,1832122087814668726
What is the duration of André Gomes' new contract?,1832122087814668726
Tudor Mendel joins Ipswich Town,1832094282007900179
Anderlect player leaves for Ipswich Town,1832094282007900179
Mendel signs with Ipswich Town,1832094282007900179
Corinthians and whom have reached an agreement in principle?,1832093320228810844
What are the key steps to follow ahead of Memphis' deal being signed?,1832093320228810844
"Will Memphis' deal be valid until 2026, as reported by @geglobo?",1832093320228810844
Who is Memphis Depay playing for?,1832087535377666226
What team is Memphis Depay associated with?,1832087535377666226
Is Corinthians a Brazilian club?,1832087535377666226
Fenerbahçe to pay $15m package to Boca Juniors for Cristian Medina?,1832083792259162142
What is the duration of Cristian Medina's deal with Fenerbahçe?,1832083792259162142
Are add-ons part of the package agreed for Cristian Medina?,1832083792259162142
Who said going to Saudi at 16 is not a transfer based on the sporting aspect?,1832064223800651805
What was the reason for Steven Bergwijn's reaction to Koeman's words on his move to Saudi?,1832064223800651805
Does Ronald Koeman stick to his original words?,1832064223800651805
Who were interested in signing Tomás Palacios?,1832062453636608098
What is the fee Inter paid for Tomás Palacios?,1832062453636608098
How did Inter manage to get the deal done?,1832062453636608098
What time did Osimhen deal start on?,1832019843899330915
Did Napoli allow Gala loan move immediately after starting negotiations with Osimhen?,1832019843899330915
"Why was speed important in completing the deal, according to George Gardi?",1832019843899330915
Did Diego Simeone call Sofyan Amrabat several times?,1832014555582435789
Was a buy obligation clause included in Atlético Madrid's loan deal offer?,1832014555582435789
Why did Fiorentina only accept Fenerbahçe's bid?,1832014555582435789
Is CSKA Moscow interested in signing Dejan Joveljic?,1832004731788538323
Will LA Galaxy let Dejan Joveljic leave?,1832004731788538323
Is the deal between CSKA Moscow and Dejan Joveljic going to happen?,1832004731788538323
Bernardo Silva and his team only have one day off for the English League Cup game,1831989994640028156
What is the frequency of Bernardo Silva's games,1831989994640028156
Will Bernardo Silva qualify in the Champions League,1831989994640028156
Why did Steven Bergwijn move to Saudi?,1831982072086647022
What is gigantic financial wise about playing for this team?,1831982072086647022
Who will he play with on his new team?,1831982072086647022
Bergwijn does not want to play for Koeman anymore because of what?,1831980144707383333
What did Bergwijn expect Ronald Koeman to do before making public comments about him?,1831980144707383333
Did Bergwijn talk to Ronald Koeman about his media portrayal?,1831980144707383333
Who sold Conor Gallagher?,1831957505997422804
Why did Chelsea sell Conor Gallagher?,1831957505997422804
What are the top players that Chelsea brought in on long contracts?,1831957505997422804
Who left Chelsea?,1831950459801673735
What is Conor Gallagher looking back on?,1831950459801673735
What was a dream come true for Conor Gallagher?,1831950459801673735
"Conor Gallagher says he doesn't fit Enzo Maresca's system, is that true?",1831943162115641823
What does Conor Gallagher think about his playing time under Pochettino?,1831943162115641823
Does Conor Gallagher believe the fans appreciated his performance on the pitch?,1831943162115641823
Who expects Éder Militão to miss Real Sociedad game?,1831935369010422136
What is the reason for Éder Militão's expected absence from the game?,1831935369010422136
How long will Éder Militão be out due to muscle injury?,1831935369010422136
Messi's letter to Di Maria say everything they needed to say,1831852340707783098
Who did Messi's shared moments end with,1831852340707783098
Will Di Maria see Messi soon,1831852340707783098
What does Ángel Di Maria mean by 'cheering the team on from up there',1831836654740631984
What Copa Américas and World Cups will Ángel Di Maria go to,1831836654740631984
Does Ángel Di Maria think Argentina's team has a lot of guts,1831836654740631984
Who retired from international football?,1831836261247807814
Ángel Di Maria fans paying tribute to whom?,1831836261247807814
What is being paid tribute to by Argentina fans?,1831836261247807814
Cristiano says scoring 900th goal is hard to work for every day?,1831801620893753472
What milestone does Cristiano say it's in his career?,1831801620893753472
Records haunt Cristiano why?,1831801620893753472
Cristiano says Portugal winning Euros is equivalent to winning a World Cup?,1831801261798330715
What does Cristiano want from football?,1831801261798330715
Why are trophies important to Cristiano?,1831801261798330715
Tchouameni and Mendy also leave national team camp?,1831778848595140819
Éder Militão leaves national team camp due to muscle injury?,1831778848595140819
What is the reason for Éder Militão's absence from the next two games?,1831778848595140819
Cristiano Ronaldo scores how many career goals?,1831777023330808281
Is 900th goal for club and country combined?,1831777023330808281
What does 'legend' refer to?,1831777023330808281
Viktor Gyokeres has 8 goals with club and country?,1831757766345814321
How many assists does Viktor Gyokeres have with club and country?,1831757766345814321
What is the current date mentioned in the tweet?,1831757766345814321
Who is Adrien Rabiot?,1831726573096960348
Why was he solicited by several teams?,1831726573096960348
Which club does Deschamps hope can bring him back to?,1831726573096960348
What does Kylian Mbappé mean by 'it's going very well'?,1831700881982505134
What trophy has Real Madrid won with Kylian Mbappé?,1831700881982505134
Are there salary issues between Kylian Mbappé and PSG?,1831700881982505134
Has Tyrell Malacia been included in Manchester United's 25-man Europa League squad for this season?,1831696177441407156
Is Casemiro going to Galatasaray despite recent links?,1831696177441407156
Will Casemiro not be playing for Galatasaray?,1831696177441407156
Djed Spence has been left out of Tottenham Europa League squad?,1831695589945249851
Sergio Reguilon has been left out of Tottenham Europa League squad?,1831695589945249851
Tottenham's Europa League squad can be changed in January 2025?,1831695589945249851
Who has been left out of Chelsea's squad for the next stage of Conference League?,1831691437215277458
"Why were Wesley Fofana, Cole Palmer and Romeo Lavia left out?",1831691437215277458
"What is the reason behind the decision to leave out Wesley Fofana, Cole Palmer and Romeo Lavia?",1831691437215277458
"Djordje Petrović agreed to sign on improved terms at Chelsea, what did those terms entail?",1831686350644314505
What motivated Djordje Petrović to join Strasbourg and then have his future assessed again in June 2025?,1831686350644314505
Will Djordje Petrović's performance at Strasbourg impact any potential future plans for him at Chelsea?,1831686350644314505
Is Casemiro expected to stay at Man United until 2025?,1831674978636271624
Are concrete talks taking place between Casemiro and Galatasaray?,1831674978636271624
Did Erik ten Hag make a statement about Casemiro's future?,1831674978636271624
Is Ter Stegen happy at Barça?,1831659884703609003
What is Ter Stegen's contractual situation like?,1831659884703609003
Why does Ter Stegen say he is satisfied with his future?,1831659884703609003
Who is Rico Lewis?,1831643436715331614
What are loan proposals?,1831643436715331614
Rico Lewis says he never thought about going where?,1831643436715331614
Eberl said Bayern are very surprised Jamal Musiala is missing from Ballon d'Or list?,1831642459408916714
Who told DPA it's completely incomprehensible?,1831642459408916714
Why is Jamal Musiala missing from the Ballon d'Or?,1831642459408916714
Who did Osimhen say was special about Galatasaray fans?,1831639174606176369
What did Onyekuru tell Osimhen about Galatasaray fans?,1831639174606176369
Why was Osimhen already following Galatasaray?,1831639174606176369
Neymar Jr believe Rodrygo minimum top 5 in the world?,1831627292230951303
Who is Neymar Jr saying Craque about?,1831627292230951303
Is Rodrygo not among Ballon d'Or top 30?,1831627292230951303
Who is John Terry commenting on?,1831624920440119505
What does John Terry mean by 'top player'?,1831624920440119505
Is Rio Ngumoha joining Liverpool?,1831624920440119505
Who has just signed with Western Sydney Wanderers?,1831623098086359211
What championships did Juan Mata win before signing with Western Sydney Wanderers?,1831623098086359211
Is Juan Mata aiming to win another championship in Australia?,1831623098086359211
Who did Flamengo make contact with to replace Pedro?,1831614531807654163
Is Anthony Martial considering several options for his future?,1831614531807654163
What is the status of Pedro's ACL injury?,1831614531807654163
Who is Xavier Parker?,1831613926372450490
Which club did Manchester City sign Xavier Parker from?,1831613926372450490
What position does Xavier Parker play for Manchester City's Academy?,1831613926372450490
Are Antony and Fenerbahçe linked?,1831588323816518047
Is Man Utd project a commitment for Antony?,1831588323816518047
Will Antony leave Manchester United this summer?,1831588323816518047
Liverpool convinced they have signed Rio Ngumoha?,1831581025929183690
Who left Chelsea academy to sign with Liverpool?,1831581025929183690
Is Rio considered a big talent for present and future?,1831581025929183690
Which club tried to sign Dani Ceballos?,1831572972941013292
Was the transfer a possibility on loan for Monaco?,1831572972941013292
Did Real Madrid consider a loan formula?,1831572972941013292
Is Rodrygo excluded from Ballon d'Or top 30 nominees?,1831448282692014272
Why is Rodrygo excluded from Ballon d'Or top 30 nominees?,1831448282692014272
What does Rodrygo's exclusion from Ballon d'Or top 30 nominees mean?,1831448282692014272
Will Adama Bojang sign with Grasshopper Club Zurich for the season?,1831431423301185966
Is there an option to buy included in the loan deal?,1831431423301185966
When is the medical and signing scheduled?,1831431423301185966
Sérgio Oliveira has signed which club?,1831413459105542222
Which team did Sérgio Oliveira leave to join Olympiacos?,1831413459105542222
Did Galatasaray release Sérgio Oliveira or was his contract terminated?,1831413459105542222
Who did you vote as Ballon d'Or winner?,1831412632659923222
What is Ballon d'Or winner?,1831412632659923222
Who will you vote Ballon d'Or winner?,1831412632659923222
"Cristiano Ronaldo and Leo Messi out of Ballon d'Or nominees for the first time since 2003, what year was it in?",1831405010879644101
Who are the current Ballon d'Or nominees?,1831405010879644101
What is the significance of the year 2003?,1831405010879644101
Liverpool sign Rio Ngumoha?,1831404264234897686
What academy did Rio Ngumoha leave before joining Liverpool?,1831404264234897686
Is Chelsea Academy involved in Rio Ngumoha's past?,1831404264234897686
Mats Hummels joins AS Roma on one year deal,1831393630835372508
What is the length of Mats Hummels' contract with AS Roma?,1831393630835372508
Is Mats Hummels signing with AS Roma for a year?,1831393630835372508
"Miguel Veloso has retired from professional football, is he joining Pisa backroom staff permanently?",1831388215485599846
What is the league level of the team Miguel Veloso has joined?,1831388215485599846
When did Miguel Veloso join Pisa backroom staff?,1831388215485599846
Mats Hummes signed for AS Roma until June 2025?,1831386243021824144
What is the duration of Mats Hummes' contract with AS Roma?,1831386243021824144
Is Mats Hummes a new player for AS Roma?,1831386243021824144
João Mario moving to Besiktas from Benfica?,1831385868793475384
What is the outcome of João Mario's meeting with his agents?,1831385868793475384
Is the move to Besiktas a completed transfer for João Mario?,1831385868793475384
Who is Victor Osimhen?,1831382793315873123
What number will Victor Osimhen wear at Galatasaray?,1831382793315873123
Is there a report about Victor Osimhen's jersey number at Galatasaray today?,1831382793315873123
Liverpool complete what process for Rio Ngumoha to join the club?,1831380852447891777
What investigation process did Liverpool complete for Ngumoha's move?,1831380852447891777
Did Chelsea allow Rio Ngumoha to leave the club?,1831380852447891777
Who are the Best Goalkeeper nominees at the Ballon d'Or?,1831375092439458168
What are their qualifications for being nominated?,1831375092439458168
Which of them would win a vote among football fans?,1831375092439458168
Who are the nominees for Team of the Year at the Ballon d'Or?,1831374200445268429
Which teams are being considered as best one?,1831374200445268429
What is the process for voting on the team?,1831374200445268429
What Coach of the Year candidates is being considered for the Ballon d'Or?,1831373528333218201
Who do you think would be voted as Best Coach by fans?,1831373528333218201
What criteria are used to determine the Best Coach at the Ballon d'Or?,1831373528333218201
Who are the nominees for the Kopa Trophy?,1831371963279028409
What is the criteria to vote for the Best Young Talent at the Ballon d'Or?,1831371963279028409
Are Kylian Mbappé and Erling Haaland among the nominees?,1831371963279028409
Does Victor Osimhen join Galatasaray on loan deal from Napoli?,1831365761136521229
Is there a buy option or obligation for Galatasaray to purchase Victor Osimhen's contract?,1831365761136521229
What is the new release clause value for Victor Osimhen?,1831365761136521229
Sergio Oliveira is undergoing medical tests for what reason?,1831322029032882444
What team is Sergio Oliveira leaving to join Olympiacos?,1831322029032882444
How long is Sergio Oliveira's contract with Olympiacos?,1831322029032882444
Is Victor Osimhen Galatasaray's new number 4️⃣5️⃣?,1831309860329103810
Was Victor Osimhen' request for a specific jersey number granted by Galatasaray?,1831309860329103810
What is the link provided by the journalist about Victor Osimhen?,1831309860329103810
Who has signed their contract at Galatasaray?,1831308761580884129
What is the duration of Victor's loan from Napoli?,1831308761580884129
Does the deal include a buy option or obligation clause for Galatasaray?,1831308761580884129
Who told CNN about playing at Real Madrid?,1831299598498791931
What is best club according to Vinicius Jr?,1831299598498791931
Where is the best place to be with family for Vinicius Jr?,1831299598498791931
Does Dani Carvajal hope to stay at Real Madrid for many years?,1831294095152583156
Is MLS a possibility for Dani Carvajal after leaving Real?,1831294095152583156
Will Dani Carvajal play in Europe if he decides not to be at Real?,1831294095152583156
Martin Zubimendi rejected Liverpool move without pressure from his close circle,1831283706520088612
What was the reason for Martin Zubimendi's decision to reject Liverpool move,1831283706520088612
Were Martin Zubimendi's friends involved in his decision-making process about rejecting Liverpool move,1831283706520088612
Mats Hummels signed one year contract with AS Roma?,1831283666439323720
What is Mats Hummels' new position at AS Roma?,1831283666439323720
How long will Mats Hummels be playing for AS Roma?,1831283666439323720
Is Kostas Manolas saying there is no truth to reports about his return to AS Roma?,1831262917297070536
Will Mats Hummels be playing as centre back for AS Roma after deal agreement?,1831262917297070536
What are the latest reports about Mats Hummels joining AS Roma?,1831262917297070536
"Mats Hummels to AS Roma, is it a done deal?",1831250599033086457
What is Mats Hummels' new salary with add-ons at AS Roma?,1831250599033086457
Is Mats Hummels' contract with AS Roma until June 2025?,1831250599033086457
Did Danilo Pereira arrive in Saudi Arabia?,1831250401154236670
What is the value of the deal between PSG and Al Ittihad for Danilo Pereira?,1831250401154236670
Who is the new player that became part of Al Ittihad after signing a €5m deal with PSG?,1831250401154236670
"Sérgio Oliveira agreed to terminate his contract with Galatasaray last night, did he?",1831247643973943789
What is the reason for Galatasaray not having signed documents yet?,1831247643973943789
When are Sérgio Oliveira and Olympiacos planning to fly to Athens?,1831247643973943789
Sérgio Oliveira to Olympiacos on a two year contract plus one year option?,1831233217157808598
Galatasaray releasing Sérgio Oliveira to join Olympiacos?,1831233217157808598
Willian also joining Olympiacos?,1831233217157808598
Toney will receive £400k per week after tax?,1831232478645719422
What is Toney's contract length?,1831232478645719422
How much would Toney earn after tax in the UK?,1831232478645719422
Maresca wants Noni Madueke to push himself?,1831225688633819439
What does Noni Madueke strive to be?,1831225688633819439
Does every single training session with Maresca help Noni Madueke get the best out of himself?,1831225688633819439
Who is Palace chairman?,1831217630729871767
What are Bayern's aspirations for Olise?,1831217630729871767
Which clubs does Palace want to sell players to?,1831217630729871767
Did Olympique Lyon agree to sign Jordan Veretout from OM?,1831210594780807228
What is the fixed fee amount in the deal for Jordan Veretout to join Olympique Lyon?,1831210594780807228
Will Jordan Veretout undergo a medical examination today in Lyon?,1831210594780807228
Did Chelsea make £6m profit with Angelo's sale?,1831123860927774908
Is there a sell-on clause included in the deal for Angelo?,1831123860927774908
How many years did it take to complete Angelo's transfer to Al Nassr?,1831123860927774908
Who signs as new Al Riyadh player?,1831091215011631398
What is Vincent Angelini's age?,1831091215011631398
How long is Vincent Angelini's contract with Al Riyadh?,1831091215011631398
Mats Hummels will undergo medical tests on Wednesday?,1831089178165289018
AS Roma plans to complete the deal after medical tests?,1831089178165289018
When is the expected completion of the deal?,1831089178165289018
Azzedine Ounahi moved from Olympique Marseille to Panathinaikos for how much?,1831083006158930341
What is Azzedine Ounahi's new club after moving from Olympique Marseille?,1831083006158930341
Did Azzedine Ounahi land in Athens as part of his move from Olympique Marseille?,1831083006158930341
Who said 'We didn't have in Eberechi Eze the interest I thought we would have'?,1831058359023439898
What was Steve Parish's reaction to this situation?,1831058359023439898
What did Crystal Palace chairman Steve Parish tell Sky?,1831058359023439898
Who sent an improved contract proposal to Mats Hummels?,1831054144834326598
What did AS Roma sell to send the proposal?,1831054144834326598
Is Mats Hummels available as a free agent?,1831054144834326598
Is Kevin De Bruyne saying he hasn't spoken to anyone about Saudi move?,1831043587955658904
What kind of noises and news is Kevin De Bruyne referring to?,1831043587955658904
Has Kevin De Bruyne received any job offers?,1831043587955658904
Is Kevin De Bruyne's City contract due to expire in June?,1831042896856015047
What does Kevin De Bruyne want to feel when he plays football?,1831042896856015047
Will there be a rush for talks about Kevin De Bruyne's contract once the season goes on?,1831042896856015047
Cole Palmer has withdrawn from England squad,1831038103898976550
Who will spend the rest of the international break at Cobham,1831038103898976550
Chelsea confirm withdrawal of which player,1831038103898976550
Does Raheem Sterling use number 30 at Arsenal?,1831005708306813162
What is Raheem Sterling's new jersey number at Arsenal?,1831005708306813162
How many does Raheem Sterling choose for his new jersey number at Arsenal?,1831005708306813162
Malo Gusto has a thigh injury?,1830987826957045837
Chelsea confirm Malo Gusto withdrawal from France Under-21 squad?,1830987826957045837
What is the extent of Malo Gusto's thigh injury?,1830987826957045837
Was Real Betis approached by Manchester United for Christian Erisen?,1830981227819540499
Did Man United have an agreement with Real Betis on player side for Christian Erisen?,1830981227819540499
Was a formal bid sent by Ajax to Manchester United for Christian Eriksen?,1830981227819540499
Lucas Ocampos join Rayados from Sevilla?,1830979376785379492
Why did West Ham never consider signing Lucas Ocampos?,1830979376785379492
What happened to links between West Ham and Lucas Ocampos?,1830979376785379492
Mauricio Pochettino prepared to sign this week as new USMNT head coach?,1830967287236698275
Will all legal topics be resolved and contracts ready for Mauricio Pochettino's signing?,1830967287236698275
Can formal steps follow this week if everything goes according to plan with Mauricio Pochettino?,1830967287236698275
Furlani is saying Milan has full support for whom?,1830965428535054711
What is the current team point total according to Furlani's statement?,1830965428535054711
Is there panic at AC Milan about their preseason performance?,1830965428535054711
What does Manu Ugarte think about Man United?,1830959247338918118
How long has Manu Ugarte been waiting to join Man United?,1830959247338918118
What is Mano Ugarte's opinion on what makes Man United legendary?,1830959247338918118
Who is Jadon Sancho training with?,1830949410252976208
What is the status of Sancho's debut as a Chelsea player?,1830949410252976208
Which team will Sancho play against at the end of next week?,1830949410252976208
Toni Kroos playing for B2B United at the Icon league this weekend?,1830948838816760196
Who is Toni Kroos playing for this weekend?,1830948838816760196
What league is Toni Kroos playing in this weekend?,1830948838816760196
Ajax is waiting for what from FIFA?,1830943427099533372
What documents are still pending for loan deal approval?,1830943427099533372
Sulemana's camp is waiting for approval on what?,1830943427099533372
Laporta made a special mention for Lewandowski,1830940447486968237
Lewandowski committed to the club,1830940447486968237
Lewandowski lowered his contract to help the club,1830940447486968237
Koeman again said what about Bergwijn's decision?,1830930635994607953
Why did Koeman think Bergwijn should stay at Ajax?,1830930635994607953
Is Saudi Arabia paying more than Ajax for Bergwijn?,1830930635994607953
Why did Gündogan leave Barça for sporting reasons?,1830927232241373191
What was Gündogan's role after Dani Olmo signed with Barça?,1830927232241373191
Why is Gündogan an excellent player and person?,1830927232241373191
Why did Barça decide to plan for the squad in a different way?,1830925346117402978
What were the reasons behind João Félix and Cancelo leaving Barça?,1830925346117402978
Did Barça try to keep both players on loan?,1830925346117402978
"Laporta said Barça was ready to sign players of high-level contracts, does this apply to other transfers?",1830920592310116615
Does Dani Olmo's arrival prove Laporta correct about previous claims?,1830920592310116615
What kind of contracts did Laporta say Barça was ready to offer?,1830920592310116615
Laporta say what about winning mentality?,1830919746482565497
Is La Masia core of Barça project?,1830919746482565497
Deco did what job for getting Hansi Flick?,1830919746482565497
Laporta say Barça was in risk and out of control three years ago?,1830919018686959726
What kind of recovery has Laporta worked on at Barça?,1830919018686959726
"Is Barça now better financially, socially, and sportingly according to Laporta?",1830919018686959726
Frenchie de Jong not ready yet because of ankle damage?,1830900071929438417
How long has Frenkie de Jong been recovering from his injury?,1830900071929438417
Will Frenkie de Jong be fit to play in the next match?,1830900071929438417
Luis Suárez has announced his retirement from international football?,1830895147598377378
How many apparances did Luis Suárez have for Uruguay?,1830895147598377378
What is Luis Suárez' record as top scorer in Uruguay history?,1830895147598377378
Who is going to Saudi Arabia at age 26?,1830889568280715523
What is the reason for Steven Bergwijn's move having nothing to do with sportive ambition?,1830889568280715523
Is Steven Bergwijn's book with the Dutch National Team really closed?,1830889568280715523
Are Real Madrid staff worried about Aurelien Tchouameni and Ferland Mendy injuries?,1830868329239581119
Will Aurelien Tchouameni be fit after the international break?,1830868329239581119
When will Dani Ceballos return?,1830868329239581119
Is Man Utd CEO Berrada saying they still believe in Erik ten Hag?,1830863799899037830
Does Man Utd think Erik ten Hag is the right coach for them?,1830863799899037830
Will Man Utd be fully backing Erik ten Hag?,1830863799899037830
Who is Dan Ashworth?,1830855494602248427
What does Erik ten Hag need support with?,1830855494602248427
What is the goal for Man Utd according to Dan Ashworth?,1830855494602248427
What was Man Utd's reason for selling Sancho?,1830848203467509951
What does Dan Ashworth mean by 'cover it'?,1830848203467509951
How many wide players did Dan Ashworth say Man Utd had?,1830848203467509951
Who is Alex Telles?,1830748607227596959
What is the length of Alex Telles' new contract with Botafogo?,1830748607227596959
Where did Alex Telles terminate his previous contract before joining Botafogo?,1830748607227596959
Wolves sold Podence to Al Shabab for €5m fee?,1830745597978062989
What is the percentage of sell-on clause included in the deal?,1830745597978062989
How much does Al Shabab pay Wolves as part of the deal?,1830745597978062989
What does FC Porto statement say about Galeno deal?,1830730740428087426
Who is total agreement with regarding Galeno deal?,1830730740428087426
Why are FC Porto happy to keep Galeno at the club?,1830730740428087426
Who is taking Victor Osimhen on his private flight?,1830728106333872638
What city is Victor Osimhen's private flight heading to?,1830728106333872638
Is Victor Osimhen's private flight currently in transit?,1830728106333872638
Who signs in as new Al Ittihad player from Ajax?,1830727881141444894
What club side confirms Steven Bergwijn's signing?,1830727881141444894
Who are Steven Bergwijn's agents with HCM Sports Management?,1830727881141444894
Is Man United CEO Omar Berrada stating full support for Erik ten Hag?,1830726982335689208
What is the nature of the work that Omar Berrada has done with Erik ten Hag in this transfer window?,1830726982335689208
Will Erik ten Hag continue to get close results out of his team according to Omar Berrada?,1830726982335689208
Will Victor Osimhen join Galatasaray?,1830720666812715070
What is Victor Osimhen's release clause with Napoli?,1830720666812715070
Can Napoli extend Victor Osimhen's contract until 2027?,1830720666812715070
Will Victor Osimhen's new release clause be triggered from 2025?,1830720201744359781
What is the value of Victor Osimhen's new release clause?,1830720201744359781
Is Galatasarary loan affected by Napoli's agreement on Victor Osimhen's release clause?,1830720201744359781
Who is Kamaldeen Sulemana?,1830719192359936242
What kind of deal did Ajax make for him?,1830719192359936242
How much will it cost to buy Kamaldeen Sulemana permanently?,1830719192359936242
Who joins Al Nassr from Chelsea on permanent deal?,1830715747686859248
What is the fee for Angelo's transfer to Al Nassr?,1830715747686859248
Is there a sell-on clause included in Angelo's transfer?,1830715747686859248
Has Victor Osimhen's camp travelled to Istanbul yet?,1830712438842372117
Will Galatasaray approve January break clause if top clubs want to sign Osimhen?,1830712438842372117
Is Napoli's release clause for Victor Osimhen €75m?,1830712438842372117
Who is signing with Al-Fayha FC?,1830710908361806189
What is the length of Chris Smalling's deal?,1830710908361806189
Who is Chris Smalling's agent?,1830710908361806189
Who has joined Al Ittihad?,1830705604559564931
How much did Danilo Pereira get paid to join Al Ittihad?,1830705604559564931
From which team did Danilo Pereira transfer?,1830705604559564931
What is the price of Steven Bergwijn's package deal?,1830702176080916841
Is Galeno's deal with Porto collapsing?,1830702176080916841
Did Steven Bergwijn complete medical tests?,1830702176080916841
Who has just landed in Portugal?,1830701313312866619
What is FC Porto player?,1830701313312866619
Is this an exclusive news?,1830701313312866619
Who signs in as new Olympiacos player?,1830695053498441760
What kind of transfer does Willian get?,1830695053498441760
Where is Willian going to play?,1830695053498441760
Who is Angelo Gabriel?,1830692060749553892
Which team did Angelo Gabriel leave to join Al Nassr?,1830692060749553892
What was the fee paid by Al Nassr for Angelo Gabriel?,1830692060749553892
Mario Hermoso signs as what position with AS Roma?,1830680458285183079
What is Mario Hermoso's role at AS Roma?,1830680458285183079
Is Mario Hermoso a new signing for AS Roma?,1830680458285183079
Who signed his contract as new Al-Fahya FC?,1830679146948895050
What is the length of Chris Smalling's deal with Al-Fahya FC?,1830679146948895050
Which team did Chris Smalling join from before signing with Al-Fahya FC?,1830679146948895050
Is Victor Osimhen flying to Istanbul tonight?,1830674823267192912
Are documents being reviewed right now for Osimhen's travel?,1830674823267192912
Will Victor Osimhen arrive in Istanbul later tonight?,1830674823267192912
Who has accepted to join Galatasaray on loan?,1830671778462474725
What is Victor Osimhen asking for release clause at Napoli to become?,1830671778462474725
When does Victor Osimhen want a break clause in his contract?,1830671778462474725
Is Steven Bergwijn's transfer to Al Ittihad complete?,1830670250322338078
What is the purpose of medical tests for Bergwijn with Al Ittihad?,1830670250322338078
Where can fans read more about Bergwijn's medical tests?,1830670250322338078
Wolves transfer Daniel Podence to Al Shabab?,1830668247525662749
What documents were exchanged between Wolves and Al Shabab for this deal?,1830668247525662749
Is José Sá moving to Saudi Arabia?,1830668247525662749
Who signed documents for Danilo Pereira to Al Ittihad?,1830662144440033368
From which club did Danilo Pereira move?,1830662144440033368
What is the fee confirmed for Danilo Pereira's transfer?,1830662144440033368
Who did Mo Simakan and his agents sign a deal with?,1830662095668683151
What was signed by Mo Simakan and his agents?,1830662095668683151
What is Al Nassr?,1830662095668683151
Has Galatasaray booked a flight for Victor Osimhen?,1830652431082119620
Is the loan deal between Galatasaray and Napoli already done and agreed?,1830652431082119620
What details need to be completed on Victor Osimhen's side before his travel to Istanbul?,1830652431082119620
Who signed new deal at Sevilla?,1830649948150620356
What is the duration of Loic Badé's new contract?,1830649948150620356
What are the clubs that had bids rejected for Loic Badé?,1830649948150620356
Willian to sign with Olympiacos as free agent?,1830648530350039081
What is the status of Willian's medical exam for Olympiacos?,1830648530350039081
Is Willian currently traveling to Athens to finalize his deal?,1830648530350039081
Mendy leaves training camp due to foot injury,1830648148269609155
Tchouameni also leaves training camp due to foot injury,1830648148269609155
What is the nature of Mendy's foot injury,1830648148269609155
Who has Al Ettifaq agreed to sign?,1830647566221881391
What is the name of the club Al Ettifaq completed agreement with?,1830647566221881391
What is the nationality of the player signed by Al Ettifaq?,1830647566221881391
Is Al Ittihad working on deals to sign Steven Bergwijn and Galeno?,1830629863952384301
Has Al Ittihad agreed to pay €50m for Galeno?,1830629863952384301
Is Bergwijn a strong candidate to be signed by Al Ittihad?,1830629863952384301
Who is going to FC Porto?,1830619071680770090
Is there a buy option included in the deal?,1830619071680770090
How will the salary be shared between Juventus and Porto?,1830619071680770090
Does Galatasaray agree to cover €9/10m as Victor Osimhen's salary until the end of the season?,1830617240758284610
Is there a buy option or obligation clause in the loan deal between Napoli and Galatasaray?,1830617240758284610
Will Victor Osimhen give his green light for the loan move to Napoli?,1830617240758284610
Is Galatasaray reaching an agreement with Napoli over Victor Osimhen loan deal?,1830613941204275476
Will Napoli cover salary for Victor Osimhen's loan move to Galatasaray?,1830613941204275476
When will Galatasaray delegation meet with Victor Osimhen in Napoli?,1830613941204275476
Ajax have verbally agreed to loan deal with buy option with Southampton for Kamaldeen Sulemana?,1830611087466828063
What are the personal terms that are still in negotiations?,1830611087466828063
Will the deal happen if Steven Bergwijn leaves the club?,1830611087466828063
Who is going to Al Ittihad?,1830606352378671255
What kind of medical tests were completed today?,1830606352378671255
How much was the package agreed with PSG?,1830606352378671255
Who are Al Nassr closing in on signing?,1830601620859805885
What is the package worth that Chelsea requested for Angelo's sale percentage?,1830601620859805885
What is the final detail to sort out with Chelsea regarding Angelo's deal?,1830601620859805885
Who has agreed to sign Joe Mendes?,1830597694093439273
From which team does Joe Mendes join FC Basel on loan?,1830597694093439273
Is there an option to buy for Joe Mendes after his loan period?,1830597694093439273
Nicolas Jackson signed what deal with Chelsea?,1830592260733321341
What is the length of Nicolas Jackson's new contract with Chelsea?,1830592260733321341
Who negotiated Nicolas Jackson's contract with Chelsea?,1830592260733321341
Ferland Mendy has injured right tibia?,1830587255058300983
Lucas Digne replaces which player?,1830587255058300983
Who is excluded from French NT squad list?,1830587255058300983
Who is Galeno?,1830581504889811046
Which team did Galeno join?,1830581504889811046
What is Al Ittihad?,1830581504889811046
Is FC Porto closing in on a deal to sign Tiago Djaló?,1830578638787383571
Will Tiago Djaló join FC Porto on loan from Juventus?,1830578638787383571
What is the current status of the salary share discussions between FC Porto and Juventus?,1830578638787383571
Is Ansu Fati returning to training after injury?,1830577613523374589
Does Hansi Flick have faith in Ansu Fati for current and future games?,1830577613523374589
Will Ansu Fati's return impact Barcelona's game plans?,1830577613523374589
Has Alex Telles' contract with Al Nassr been terminated?,1830572907275161802
Is Alex Telles available as a free agent?,1830572907275161802
Can Alex Telles join another club immediately?,1830572907275161802
Is Christian Eriksen going back to Ajax?,1830563567877197963
Will Ajax finalize the deal for Eriksen?,1830563567877197963
Did Eriksen's agent tell Tim van Duijn14 that speculations should stop?,1830563567877197963
Who is submitting an official bid to sign Galeno?,1830561185969692768
How much is Porto proposal on the table for Galeno's transfer fee?,1830561185969692768
Why are Al Ittihad pushing after Arsenal rejected their bid for Leandro Trossard?,1830561185969692768
Who is Marcos Leonardo?,1830558387983049011
What club did Marcos Leonardo transfer to?,1830558387983049011
Is the story of Marcos Leonardo's transfer exclusive?,1830558387983049011
Is Al Ittihad confident to get final green light for Danilo Pereira's transfer?,1830555981442367752
Did PSG already accept Al Ittihad's bid?,1830555981442367752
Was Paris Saint-Germain's earlier report about the accepted bid true?,1830555981442367752
Cesare Casadei has signed with new agents Epic Sports,1830555535172604324
Why did Cesare Casadei leave his previous agent,1830555535172604324
What agency previously managed Chelsea midfielder Cesadei's future,1830555535172604324
Arsenal has informed Al Ittihad about their decision to reject €35m proposal for what player?,1830550798759047471
Arsenal considers which player key for their project and not for sale?,1830550798759047471
Al Ittihad is targeting which FC Porto winger with an official bid?,1830550798759047471
Dani Ceballos will be out for 6/8 weeks with an ankle injury?,1830549446737993826
What is the duration of Dani Ceballos' absence due to injury?,1830549446737993826
Has Real Madrid confirmed the extent of Dani Ceballos' ankle injury?,1830549446737993826
Jackson getting new deal this week?,1830538805767496154
Arsenal keeping García on shortlist?,1830538805767496154
Why Sterling didn't join United?,1830538805767496154
Are Al Ittihad advancing negotiations to sign Danilo Pereira?,1830534174257664199
What is the status of talks between Al Ittihad and Paris Saint-Germain regarding Danilo Pereira?,1830534174257664199
Will Danilo Pereira join the Saudi market before the deadline?,1830534174257664199
Who is submitting the proposal for Leandro Trossard?,1830528407760671064
What is the region of the proposal submitted by Al Ittihad?,1830528407760671064
Is Trossard an important player for Arteta at Arsenal?,1830528407760671064
Who is Chelsea new signing Omari Kellyman?,1830507451638247831
How much did Chelsea pay for Omari Kellyman?,1830507451638247831
How long will Omari Kellyman be out due to hamstring injury?,1830507451638247831
Who confirmed Kingsley Coman will stay at Bayern?,1830500910859948157
What was the proposal from Saudi Arabia about Kingsley Coman?,1830500910859948157
Why did Bayern agree on a fee with Al Hilal but Coman decided to stay?,1830500910859948157
Mario Hermoso signs as new AS Roma player today,1830493861866594751
AS Roma signing is final part of medical tests taking place in next hours,1830493861866594751
AS Roma deal with Mario Hermoso until 2027 has termination clause in 2026,1830493861866594751
Is Thomas Müller getting a new deal?,1830485813836058624
What does Thomas Müller mean by 'Only the body gets older'?,1830485813836058624
Is Thomas Müller trying to prove himself to Bayern Munich coach?,1830485813836058624
Who is Enzo Maresca?,1830408874945286634
What does Chelsea winning the Champions League three years ago mean to Maresca?,1830408874945286634
Why did Maresca say 'it is not that kind of Chelsea'?,1830408874945286634
Who is Casemiro?,1830402765153059089
What picture has been shared by Casemiro's wife?,1830402765153059089
Where was the picture taken?,1830402765153059089
Is Marcos Leonardo having medical tests today?,1830373820084981948
How much did Al Hilal pay for Marcos Leonardo?,1830373820084981948
What was the exclusive reveal about Marcos Leonardo's deal on Saturday?,1830373820084981948
Who credits Vinicius Jr today?,1830368417360044517
What did Vinicius Jr leave to Mbappé?,1830368417360044517
Is Ancelotti's relationship between Vinicius Jr and Mbappé good?,1830368417360044517
What does Daniele de Rossi confirm?,1830357611784306847
Who has been signed as a new centre back by Daniele de Rossi?,1830357611784306847
Is Mario Hermoso the newly signed centre back?,1830357611784306847
Did Vinicius decide to let Mbappé take the penalty?,1830352652389003719
Who scored after Vinicius' decision?,1830352652389003719
Is this Kylian's second goal of the match?,1830352652389003719
Who is celebrating the goal scored by Kylian Mbappé?,1830351361742885301
What kind of celebration is Jude Bellingham doing?,1830351361742885301
Whose goal is Jude Bellingham celebrating?,1830351361742885301
Did Kylian Mbappé score his first La Liga goal?,1830350229025001853
What was Fede Valverde's role in the goal?,1830350229025001853
How many goals has Kylian Mbappé scored overall?,1830350229025001853
Erik ten Hag expects Manchester United to take two trophies,1830334720049131862
What does Erik ten Hag mean by 'at the end of the season',1830334720049131862
Will Erik ten Hag prioritize trophies for the rest of the season,1830334720049131862
"Willian travels to Athens tonight, what is he discussing with Olympiacos?",1830327380713279844
Does Willian's potential move involve a free transfer?,1830327380713279844
What are the possibilities on the table for Willian after his good season at Fulham?,1830327380713279844
Did Bradley Barcola play in three games?,1830326423187591195
How many goals did Bradley Barcola score in total?,1830326423187591195
Is PSG very trusting of Bradley Barcola?,1830326423187591195
Issa Kaboré signs with Benfica,1830324850612728030
Is Man City still owning Issa Kaboré,1830324850612728030
Will Issa Kaboré return to Manchester City in June,1830324850612728030
Erik ten Hag did he mean Manchester City is big opponent?,1830317082153804092
Does winning trophies like Erik ten Hag's team did guarantee good coaching?,1830317082153804092
What does Erik ten Hag mean by 'I'm sorry for you'?,1830317082153804092
Mo Salah saying it's his last year at the club?,1830313384035635238
Has anyone from Mo Salah's current club spoken to him about a contract extension?,1830313384035635238
Is it up to Mo Salah if he signs a new deal or not?,1830313384035635238
Erik ten Hag says he is not Harry Potter?,1830311946664714495
What does Manuel Ugarte need to build?,1830311946664714495
How many weeks or months will it take?,1830311946664714495
What does Virgil van Dijk mean by 'We should have'?,1830310288748363945
What is the exact score that Van Dijk thinks Liverpool could have won with?,1830310288748363945
Why did winning 3-0 represent a big improvement according to Virgil van Dijk?,1830310288748363945
Erik Ten Hag quote what great moments Casemiro has shown?,1830309407940399564
"What moments will Casemiro show again, according to Erik Ten Hag?", 1830309407940399564
Will Casemiro continue contributing to Erik Ten Hag's team?,1830309407940399564
Who said 'Easy game?',1830306397998710903
What was Salah surprised about?,1830306397998710903
Could the game have finished how many to be honest?,1830306397998710903
Does Barça official statement confirm Deco staying at the club?,1830304958173815012
What are the plans for Deco at Barça?,1830304958173815012
"Is Deco leaving Barça, according to the official statement?",1830304958173815012
Erik ten Hag says it doesn't feel same as last year?,1830303882091856021
Erik ten Hag thinks Manchester United are in a different pattern?,1830303882091856021
Liverpool is well done by Erik ten Hag?,1830303882091856021
Did Liverpool score three goals at Old Trafford?,1830288667765813653
How many wins does Arne Slot have as Liverpool manager?,1830288667765813653
What is the total number of goals scored by Liverpool under Arne Slot?,1830288667765813653
Who has scored three goals and three assists in three games this season?,1830281857369358720
How many consecutive games has Mohamed Salah scored at Old Trafford?,1830281857369358720
Under which coach did Mohamed Salah score three goals and three assists in three games this season?,1830281857369358720
Luis Diaz have three Premier League games with four goal contributions this season?,1830272553681826080
Arne Slot get what kind of results from Luis Diaz this season?,1830272553681826080
What is total number of goal contributions for Luis Diaz under Arne Slot?,1830272553681826080
Who does Maresca want to decide on their conditions?,1830268639221879096
Which player is Maresca referring to that was not brought in?,1830268639221879096
Will Napoli sign a new striker in January?,1830268639221879096
Who plans to extend Nicolas Jackson contract until June 2033 soon?,1830263315484037472
What is the duration of the planned contract extension for Nicolas Jackson?,1830263315484037472
When will Enzo Maresca confirm the planned contract extension for Nicolas Jackson?,1830263315484037472
Malo Gusto suffered muscle injury?,1830262895424454955
What kind of injury did Malo Gusto suffer?,1830262895424454955
How soon does Enzo Maresca hope Malo Gusto will feel better?,1830262895424454955
SportNative is bringing what magic to the pitch?,1830262843385741689
What top-tier AI solution is SportNative bringing?,1830262843385741689
Is SCAI.AI's SportNative going to change the game?,1830262843385741689
Who got their first point of the season?,1830252120626409980
At which stadium did Crystal Palace get their first point?,1830252120626409980
What was the location where Crystal Palace earned their first point?,1830252120626409980
Who was the Man of the Match?,1830251895040135376
Did Newcastle beat Spurs 2-1?,1830251895040135376
What is the score?,1830251895040135376
Did Newcastle make several approaches to sign Alexander Isak?,1830247246409216465
Is Alexander Isak scoring goals for a new team?,1830247246409216465
Has Alexander Isak's goal-scoring form improved since June?,1830247246409216465
Who is Nicolas Jackson?,1830230779978494142
What is being celebrated about Nicolas Jackson?,1830230779978494142
Where can someone find a video of Nicolas Jackson's celebration?,1830230779978494142
Nico Jackson with his 16th non-penalty goal in 2024... does it mean he scored 16 goals this season so far?,1830228444388712466
Is Nico Jackson's new deal at Chelsea set to happen soon because of his recent performance?,1830228444388712466
What is the significance of Nico Jackson signing a new deal at Chelsea?,1830228444388712466
Mario Hermoso is arriving in Roma right now with his agents,1830224509716316622
Mario Hermoso travelling from Madrid,1830224509716316622
Who has a Three year deal agreed as new AS Roma player?,1830224509716316622
What is being said about Newcastle fans?,1830223058352877569
What does Sandro Tonali have to do with this?,1830223058352877569
Is there an article link provided?,1830223058352877569
Jadon Sancho signed with Chelsea?,1830221027676434612
Sancho unveiled at Stamford Bridge?,1830221027676434612
Chelsea acquired Jadon Sancho?,1830221027676434612
Mario Hermoso is landing in Roma shortly?,1830218266821702116
What time will Mario Hermoso arrive in Roma?,1830218266821702116
Is Chris Smalling's move to Al Fahya FC already complete?,1830218266821702116
What does Rafaela Pimenta think about Matthijs De Ligt's happiness?,1830201884621128042
Why is Matthijs De Ligt ready for Man Utd new project?,1830201884621128042
What specific things are Man United working on improving?,1830201884621128042
What does Ugarte mean by 'extremely exciting' project at Man United?,1830187101750546657
What motivates Ugarte as an ambitious player?,1830187101750546657
How will Ugarte's sacrifices help his teammates win trophies?,1830187101750546657
Who is Conrad Harder?,1830182949397864899
What is the fee agreed for Conrad Harder?,1830182949397864899
Which clubs were competing with Sporting to sign Conrad Harder?,1830182949397864899
Who is number 25 at Man United?,1830178977249439907
What player left to allow for Manuel Ugarte with number 25 at Man United?,1830178977249439907
Is Jadon Sancho no longer a Manchester United player?,1830178977249439907
Ivan Toney arriving Saudi after completing €40m move to Al Ahli?,1830172939645333692
Did Ivan Toney's move to Al Ahli happen on Deadline Day?,1830172939645333692
How much did Ivan Toney's move to Al Ahli cost?,1830172939645333692
"Mario Hermoso will fly from Madrid to Roma today, what is the purpose of his flight?",1830160414719852658
What is the duration of Mario Hermoso's deal with AS Roma?,1830160414719852658
Is there a clause in Mario Hermoso's contract that allows him to leave AS Roma in summer 2026?,1830160414719852658
Manna said Napoli club tried to help Osimhen last year?,1830156388733239631
What was the negotiation about for Osimhen and Napoli?,1830156388733239631
Will Osimhen go to Saudi this summer?,1830156388733239631
Who does Raphinha think has forgotten that Barça has a great team already?,1830149844863685064
What did the press talk about in the last days according to Raphinha?,1830149844863685064
Does Raphinha think Barça needs more signings?,1830149844863685064
Who leaves European football?,1830141219332083789
Who will play for Al-Fahya FC?,1830141219332083789
When is medical on?,1830141219332083789
Who will be reintegrated at some point?,1830138524076585427
What kind of choices were made about Osimhen's project?,1830138524076585427
Will all players who are out of the project remain so?,1830138524076585427
Who does Ten Hag think brought young players in?,1830133487086547176
What trophies did United win?,1830133487086547176
What are Man United's higher targets?,1830133487086547176
Who said they wanted to join Chelsea because it is an iconic club?,1830128202347388982
What are Jadon Sancho's childhood idols?,1830128202347388982
Who have Jadon Sancho been compared to?,1830128202347388982
Who is staying at United?,1830123421105340797
What does Erik ten Hag mean by 'rotation throughout the season'?,1830123421105340797
Which squad will Harry Maguire play an important role for?,1830123421105340797
Daniele de Rossi confirmed plan to join AS Roma with whom?,1830017611121508683
What is the role of Mario Hermoso in Daniele de Rossi's decision making process?,1830017611121508683
Is AS Roma the only club that Daniele de Rossi plans to join?,1830017611121508683
Napoli confirm they have NO plans to reintegrate Victor Osimhen in the squad?,1830012751164436897
Did Antonio Conte make this decision about Victor Osimhen's return?,1830012751164436897
Will Napoli's management support Victor Osimhen's reintroduction into the squad?,1830012751164436897
Who has passed away aged 39?,1830007093728006452
What is Sol Bamba's age?,1830007093728006452
What happened to Sol Bamba tonight?,1830007093728006452
Mario Hermoso is going to AS Roma?,1830002028589768954
What is the length of Mario Hermoso's contract with AS Roma?,1830002028589768954
When does Mario Hermoso's travel and medical tests take place?,1830002028589768954
Who has won the most trophies over the last two years?,1829996644106178946
What is Ten Hag confident about this year?,1829996644106178946
Are Man City behind Ten Hag's team?,1829996644106178946
Did Antonio Conte like the club's work on the market?,1829995559178158534
Was Victor Osimhen sold by the club?,1829995559178158534
Would the situation have been completed if Osimhen was sold?,1829995559178158534
Erling Haaland score a hat-trick today?,1829987793919230137
Erling Haaland play with one more ball after scoring?,1829987793919230137
Did Erling Haaland have one assist in his hat-trick?,1829987793919230137
Is AS Roma close to reaching verbal agreement with Mario Hermoso?,1829980183023272419
What are personal terms that AS Roma are agreeing on with Mario Hermoso?,1829980183023272419
Does Daniele De Rossi want Mario Hermoso to join AS Roma?,1829980183023272419
Who will Jadon Sancho wear number 19 for?,1829977929440510352
What is Jadon Sancho's new jersey number at Chelsea?,1829977929440510352
Will Jadon Sancho still play for Manchester United?,1829977929440510352
Nico Williams wants to play for Bilbao,1829970597788389869
Who does Nico Williams want to play with in Europe,1829970597788389869
Did Nico Williams' agent have a say in his transfer,1829970597788389869
"Pep Guardiola says Erling Haaland is unstoppable, how does he feel about other strikers?,",1829966521738936760
Who does Pep Guardiola think can stop Erling Haaland's powerful moves?,1829966521738936760
What makes Erling Haaland so powerful according to Pep Guardiola?,1829966521738936760
Who says goodbye to Man United?,1829957192365326821
Is Jadon Sancho leaving #MUFC?,1829957192365326821
What is the future plan for Man United?,1829957192365326821
Who drew Jadon Sancho to the project?,1829954844079362112
What did Enzo Maresca tell Jadon Sancho on the phone about the project?,1829954844079362112
When will Jadon Sancho start at this new place?,1829954844079362112
Who is Jadon Sancho excited to be with?,1829951467794678116
What does Jadon Sancho think about being back in London?,1829951467794678116
Does Jadon Sancho hope to score goals and provide assists for Chelsea?,1829951467794678116
Who joins Chelsea on loan with an obligation to buy from Manchester United?,1829950540748636442
What is the total package worth for Sancho's transfer?,1829950540748636442
Is it officially over between Sancho and Manchester United?,1829950540748636442
Erling Haaland has scored 70 goals in Premier League games?,1829948773901926707
Erling Haaland has played in 69 Premier League games?,1829948773901926707
What is Erling Haaland's Premier League goal average?,1829948773901926707
Erling Haaland has how many goals in Premier League this season?,1829945653243625617
Is August still an early stage of the Premier League season?,1829945653243625617
How many hat-tricks has Erling Haaland scored consecutively?,1829945653243625617
Are Chelsea considering Deivid Washington?,1829944326585270740
Is Deivid Washington not for sale?,1829944326585270740
Will Deivid Washington only leave Chelsea on loan?,1829944326585270740
Who is Marcos Leonardo?,1829934681351151647
Which team is Marcos Leonardo moving to?,1829934681351151647
What is the agreed-upon fee for Marcos Leonardo's transfer?,1829934681351151647
Hansi Flick's record after 4 games with Barcelona?,1829925701782245471
"Barcelona score 13 goals in 4 games under Hansi Flick,what is the average?",1829925701782245471
How many wins does Barcelona have under Hansi Flick?,1829925701782245471
Is Omar Rekik an Arsenal player anymore?,1829900354412044747
Was Omar Rekik's contract terminated on mutual agreement yesterday?,1829900354412044747
Did Omar Rekik request to leave Arsenal to try a new chapter?,1829900354412044747
Who is the 16 year old talent that joins Liverpool from Wolves?,1829894612934410292
Is deal confirmed for 16 year old Alvin Ayman,1829894612934410292
What is the confirmed price of Alvin Ayman's transfer from Wolves to Liverpool,1829894612934410292
Who leaves West Ham?,1829890072684212609
What club does Kurt Zouma join on loan?,1829890072684212609
Is Al-Orobah a Saudi Arabian football club?,1829890072684212609
Did Arteta explain why he thought the red card was given?,1829886718260232567
What did Arteta think happened throughout the game that made it fine?,1829886718260232567
How many occasions were there in the first-half where Arsenal kicked the ball away?,1829886718260232567
Saka wants consistency for his team?,1829885213222322427
Joao Pedro got nothing for booting the ball halfway across the pitch?,1829885213222322427
Declan Rice was sent off with just a slight touch?,1829885213222322427
Fabian Hürzeler has been manager of Premier League for how long?,1829877531987886201
What is Fabian Hürzeler's record away from home?,1829877531987886201
"Has Fabian Hürzeler won all three matches against Everton, Man United and Arsenal?",1829877531987886201
Mohamed Salah was the Man of the Match?,1829874416207245782
Man of the Match award given to who?,1829874416207245782
Who received the Man of the Match award?,1829874416207245782
Is Jadon Sancho's deal with Chelsea officially announced?,1829871329002340445
Why is Jadon Sancho a new Chelsea player?,1829871329002340445
Are there issues with the Jadon Sancho deal?,1829871329002340445
Is Al Hilal's bid for Marcos Leonardo worth €40m?,1829870096015356052
What is the current status of Benfica's decision on Al Hilal's offer?,1829870096015356052
Has Benfica made a decision regarding Al Hilal's €40m bid for Marcos Leonardo?,1829870096015356052
Is Raphael Varane removed by Como squad for Serie A season?,1829843126384504838
What is the reason for Raphael Varane's removal from Como squad?,1829843126384504838
Where can one find more information about Raphael Varane's injury?,1829843126384504838
Who is signing Sterling?,1829837978576838799
What are the qualities he has?,1829837978576838799
Will Sterling impact the team in a good way?,1829837978576838799
Who is Ancelotti?,1829832688426959276
What did Dani Ceballos stay with?,1829832688426959276
Will Dani Ceballos be useful?,1829832688426959276
Napoli's Serie A squad list has excluded Victor Osimhen?,1829820951577448690
Why did Napoli exclude Victor Osimhen from their squad list?,1829820951577448690
What number will Romelu Lukaku be wearing on his shirt?,1829820951577448690
Has Napoli have officially excluded Victor Osimhen from their Serie A squad list for the season?,1829817078544507083
What is the reason for Napoli's decision to exclude Mario Rui as well?,1829817078544507083
Will Napoli allow Osimhen and Mario Rui to leave on their own terms?,1829817078544507083
"Sekou Kone to Manchester United was completed yesterday after exclusive news out of nowhere, what is the significance of this deal being completed unexpectedly?",1829811116152680876
What is the role that Ajax and two German clubs played in Manchester United's anticipation of this transfer?,1829811116152680876
Is Sekou Kone seen as a top talent with potential to join Manchester United's first team?,1829811116152680876
Will Victor Osimhen be part of Napoli squad today?,1829808033804820966
What is the current relationship between Victor Osimhen and Napoli like?,1829808033804820966
Is a solution being sought by Victor Osimhen and Napoli?,1829808033804820966
Willy Gnonto signed what deal?,1829806636984107013
What is the length of Willy Gnonto's new deal?,1829806636984107013
Are there release clauses expected to be in Willy Gnonto's contract?,1829806636984107013
What is the extent of Arteta's disappointment regarding Merino's injury?,1829804887766368635
How long was Mikel Arteta expecting Santiago Merino to be with the team?,1829804887766368635
"What is the reason for moving on from Merino's reaction,according to Arteta?",1829804887766368635
Will Scott McTominay continue to follow Manchester United?,1829802049883521124
Does Man United have a chance to win with Scott McTominay's support?,1829802049883521124
How does Scott McTominay feel about his experience at Manchester United?,1829802049883521124
Is Trevoh Chalobah now a part of Crystal Palace's team?,1829800171896455203
What is the nature of the deal between Chelsea and Crystal Palace regarding Trevoh Chalobah?,1829800171896455203
Will Crystal Palace have the opportunity to keep Trevoh Chalobah permanently?,1829800171896455203
Who did Manuel Ugarte and his agent Jorge Mendes agree on personal terms with?,1829798747943157942
Why was Leny Yoro deal closed before Man United signed a player?,1829798747943157942
What was the outcome for both sides in the negotiation?,1829798747943157942
What is the nature of Reiss Nelson's loan move to Fulham?,1829791894332703170
Does Fulham have an option to buy Reiss Nelson after his loan period?,1829791894332703170
When will Reiss Nelson return to Arsenal after his loan with Fulham?,1829791894332703170
Ibrahim Hafiz Umar signs which type of deal with Stade Reims?,1829790607792894400
Why did Ibrahim Hafiz Umar's trial period at Chelsea come to an end?,1829790607792894400
"What is Ibrahim Hafiz Umar's previous affiliation, specifically the name of the academy he was a part of?",1829790607792894400
Will David Datro Fofana still leave Chelsea?,1829789015790305587
Which countries' markets are being explored to sign Datro?,1829789015790305587
Did negotiations with Hoffenheim and Sunderland collapse on Deadline Day?,1829789015790305587
Does Armando Broja deal include an obligation to buy?,1829783686008480233
Is £30m buy option part of Everton's loan terms?,1829783686008480233
Will Everton pay salary if Armanda Broja is not fit and ready to play?,1829783686008480233
Is Jadon Sancho's deal 100% done?,1829765336729551151
What is the condition for Chelsea to finish among first 14 position in PL table?,1829765336729551151
Does the fee start from £20m and increase up to £25m based on performances?,1829765336729551151
Who is proposing to Galatasaray?,1829764046884634734
Is AS Roma negotiating for Hermoso after a failed deal?,1829764046884634734
When will Mario Hermoso make his decision?,1829764046884634734
Edu signed Sterling because it makes sense to have someone like Raheem,1829762854368469296
What qualities does Edu think Sterling has that made him sign him,1829762854368469296
Why did Arsenal really need Sterling's experience and Champions League expertise,1829762854368469296
Tottenham included what kind of clause into Gio Lo Celso deal with Real Betis?,1829761692881895616
What type of deal did Tottenham make with Real Betis regarding Gio Lo Celso?,1829761692881895616
Was a sell-on clause included in the deal between Tottenham and Real Betis for Gio Lo Celso?,1829761692881895616
Trevoh Chalobah deal is for option or obligation?,1829704757599973671
What does 'no option or obligation to buy' mean in Trevoh Chalobah deal announcement?,1829704757599973671
Is there a later today announcement about Trevoh Chalobah transfer?,1829704757599973671
Who is Jadon Sancho?,1829686003402932677
Is Sancho a new Chelsea player?,1829686003402932677
What position does Sancho play?,1829686003402932677
Is Sterling joining Arsenal?,1829685577798533189
Arsenal's journey a perfect fit for Sterling,1829685577798533189
Sterling seeking togetherness with Arsenal,1829685577798533189
Who says Raheem Sterling will be the best?,1829682988239475155
What is meant by 'the best of me' for Raheem Sterling?,1829682988239475155
Is a specific performance or trait being referred to as the 'best of me'?,1829682988239475155
Who did Raheem Sterling meet with?,1829682389146050647
Who is Arsenal director Edu Gaspar?,1829682389146050647
What does the link provided refer to?,1829682389146050647
Who is Raheem Sterling?,1829682071016783895
Is Raheem Sterling playing against Arsenal?,1829682071016783895
What is the link about?,1829682071016783895
Fulham confirm Reiss Nelson deal done on loan from who after Ipswich move collapsed?,1829678506604970119
Who did Fulham get on loan from Arsenal after Ipswich move collapsed?,1829678506604970119
Is Reiss Nelson's move to Fulham a permanent transfer or just a loan?,1829678506604970119
Does Chelsea fully expect to complete documents on time for Jadon Sancho deal?,1829675975078265315
What is the current status of Jadon Sancho's transfer documents with Chelsea?,1829675975078265315
Will all documents be completed in time for Jadon Sancho to join Chelsea?,1829675975078265315
Is Raheem Sterling an Arsenal player?,1829675843771384009
Is the transfer from Chelsea a loan?,1829675843771384009
Are all documents signed and completed?,1829675843771384009
is Armando Broja joining Everton true?,1829675209093497254
"Armando Broja Loan deal with £30m buy option, what is its significance?",1829675209093497254
"Chelsea player Armando Broja joining Everton on loan and buying option, what are implications?",1829675209093497254
